<?xml version="1.0" encoding="UTF-8"?>
<vgconfig version="2">
  <init mode="mapMode"/>
  <flags>
    <flag name="distanceFactor" value="0.1"/>
    <flag name="noUnload" value="1"/>
    <flag name="mapDebugLabels" value="0"/>
    <flag name="mapLabelOrientation" value="eFaceUpOrDown"/>
    <flag name="updateFrameRateLimit" value="-1"/>
    <flag name="renderFrameRateLimit" value="-1"/>
  </flags>
  <vg2DManipulator maxAltitude="2000.0" minAltitude="20" doubleFingerYawing="on" doubleFingerPitching="off"/>
  <camera pitch="-55.0" yaw="-98.468348"/>
  <resources>
    <databases>
      <database resource="visioisland.20170707.sqlite"/>
    </databases>
    <textures>
      <texture id="eBackground" resource="background.png"/>
    </textures>
    <models>
      <model id="Aeroport" resource="Aeroport.vsg4"/>
      <model id="ArbreA" resource="ArbreA.vsg4"/>
      <model id="ArbreB" resource="ArbreB.vsg4"/>
      <model id="ArbreC" resource="ArbreC.vsg4"/>
      <model id="AvionOK" resource="AvionOK.vsg4"/>
      <model id="Mall" resource="Mall.vsg4"/>
      <model id="Musee" resource="Musee.vsg4"/>
      <model id="Officev3" resource="Officev3.vsg4"/>
    </models>
  </resources>
  <datasets>
    <dataset name="0" pickTags="floor" dynamicClipping="on">
      <background resource="eBackground" scaleMode="eExactFit" color1="0xffffffff" color2="0xffffffff"/>
      <camera x="274.0" y="45.0" height="263.0"/>
      <layer name="B1-UL00" semanticTag="floor" type="VgSimpleLayer" archive="data/visioisland.B1-UL00.20170707.bin" distancePolicy="eWorldAxisZ" LODFactor="0.03" loadFactor="0.03">
			</layer>
      <layer name="B2-LL01" semanticTag="floor" type="VgSimpleLayer" archive="data/visioisland.B2-LL01.20170707.bin" distancePolicy="eWorldAxisZ" LODFactor="0.03" loadFactor="0.03">
			</layer>
      <layer name="B2-UL00" semanticTag="floor" type="VgSimpleLayer" archive="data/visioisland.B2-UL00.20170707.bin" distancePolicy="eWorldAxisZ" LODFactor="0.03" loadFactor="0.03">
			</layer>
      <layer name="B2-UL01" semanticTag="floor" type="VgSimpleLayer" archive="data/visioisland.B2-UL01.20170707.bin" distancePolicy="eWorldAxisZ" LODFactor="0.03" loadFactor="0.03">
			</layer>
      <layer name="B3-LL01" semanticTag="floor" type="VgSimpleLayer" archive="data/visioisland.B3-LL01.20170707.bin" distancePolicy="eWorldAxisZ" LODFactor="0.03" loadFactor="0.03">
			</layer>
      <layer name="B3-UL00" semanticTag="floor" type="VgSimpleLayer" archive="data/visioisland.B3-UL00.20170707.bin" distancePolicy="eWorldAxisZ" LODFactor="0.03" loadFactor="0.03">
			</layer>
      <layer name="B3-UL01" semanticTag="floor" type="VgSimpleLayer" archive="data/visioisland.B3-UL01.20170707.bin" distancePolicy="eWorldAxisZ" LODFactor="0.03" loadFactor="0.03">
			</layer>
      <layer name="B4-UL00" semanticTag="floor" type="VgSimpleLayer" archive="data/visioisland.B4-UL00.20170707.bin" distancePolicy="eWorldAxisZ" LODFactor="0.03" loadFactor="0.03">
			</layer>
      <layer name="B4-UL01" semanticTag="floor" type="VgSimpleLayer" archive="data/visioisland.B4-UL01.20170707.bin" distancePolicy="eWorldAxisZ" LODFactor="0.03" loadFactor="0.03">
			</layer>
      <layer name="B4-UL02" semanticTag="floor" type="VgSimpleLayer" archive="data/visioisland.B4-UL02.20170707.bin" distancePolicy="eWorldAxisZ" LODFactor="0.03" loadFactor="0.03">
			</layer>
      <layer name="B4-UL03" semanticTag="floor" type="VgSimpleLayer" archive="data/visioisland.B4-UL03.20170707.bin" distancePolicy="eWorldAxisZ" LODFactor="0.03" loadFactor="0.03">
			</layer>
      <layer name="B4-UL04" semanticTag="floor" type="VgSimpleLayer" archive="data/visioisland.B4-UL04.20170707.bin" distancePolicy="eWorldAxisZ" LODFactor="0.03" loadFactor="0.03">
			</layer>
      <layer name="B4-UL05" semanticTag="floor" type="VgSimpleLayer" archive="data/visioisland.B4-UL05.20170707.bin" distancePolicy="eWorldAxisZ" LODFactor="0.03" loadFactor="0.03">
			</layer>
      <layer name="outside" semanticTag="floor" type="VgSimpleLayer" archive="data/visioisland.outside.20170707.bin" distancePolicy="eWorldAxisZ" LODFactor="0.03" loadFactor="0.03">
        <model vg_owner="VME" id="B2" resource="Aeroport" transform="translate(103.242228576,-130.68046825143,0)*rotateZ(101.71)*scale(0.59537905604608,0.59537905604608,0.59537905604608)"/>
        <model vg_owner="VME" resource="AvionOK" transform="translate(101.00668236601,-179.43607969507,0)*rotateZ(-41.563833540207)*scale(1.0133511522586,1.0133511522586,1.0133511522586)"/>
        <model vg_owner="VME" resource="AvionOK" transform="translate(135.39969846798,-148.49882756755,0)*rotateZ(-46.333997594709)*scale(1.0133488479291,1.0133488479291,1.0133488479291)"/>
        <model vg_owner="VME" resource="AvionOK" transform="translate(150.63261002491,-132.23474770559,0)*rotateZ(-48.370683298088)*scale(1.0133486752994,1.0133486752994,1.0133486752994)"/>
        <model vg_owner="VME" resource="AvionOK" transform="translate(165.140741984,-113.18074160451,0)*rotateZ(-60.785475575927)*scale(1.0133486314801,1.0133486314801,1.0133486314801)"/>
        <model vg_owner="VME" resource="AvionOK" transform="translate(177.76906819468,-151.62532603859,0)*rotateZ(55.698776398534)*scale(0.99476678595172,0.99476678595172,0.99476678595172)"/>
        <model vg_owner="VME" resource="ArbreB" transform="translate(159.72436030456,-42.148208427828,0)*rotateZ(101.71)*scale(0.63808171933633,0.63808171933633,0.63808171933633)"/>
        <model vg_owner="VME" resource="ArbreA" transform="translate(162.48053654488,-72.661143310538,0)*rotateZ(101.71)*scale(1.0447325076682,1.0447325076682,1.0447325076682)"/>
        <model vg_owner="VME" resource="ArbreC" transform="translate(142.89729864735,-55.840093893177,0)*rotateZ(101.71)*scale(0.65849317064169,0.65849317064169,0.65849317064169)"/>
        <model vg_owner="VME" resource="ArbreC" transform="translate(102.20730178176,19.594173059142,0)*rotateZ(135.83727386484)*scale(0.65849189273635,0.65849189273635,0.65849189273635)"/>
        <model vg_owner="VME" resource="ArbreB" transform="translate(119.14235264505,4.7950099847627,0)*rotateZ(-12.565212203825)*scale(0.6380825438454,0.6380825438454,0.6380825438454)"/>
        <model vg_owner="VME" resource="ArbreA" transform="translate(6.6343391593379,239.91545695418,0)*rotateZ(174.69735506245)*scale(0.91414113663991,0.91414113663991,0.91414113663991)"/>
        <model vg_owner="VME" resource="ArbreB" transform="translate(-183.33429188226,19.631405845335,0)*rotateZ(53.673012479278)*scale(0.72923671492539,0.72923671492539,0.72923671492539)"/>
        <model vg_owner="VME" resource="ArbreA" transform="translate(-193.01446124758,86.254638745267,0)*rotateZ(-60.766913175381)*scale(0.91413741774869,0.91413741774869,0.91413741774869)"/>
        <model vg_owner="VME" resource="ArbreA" transform="translate(114.78266596596,203.99980471835,0)*rotateZ(101.71)*scale(1.0447325076682,1.0447325076682,1.0447325076682)"/>
        <model vg_owner="VME" resource="ArbreC" transform="translate(131.63851508738,186.60711326309,0)*rotateZ(-13.66516230298)*scale(0.65849333410772,0.65849333410772,0.65849333410772)"/>
        <model vg_owner="VME" resource="ArbreC" transform="translate(47.533209937024,-196.66591153631,0)*rotateZ(-76.371350633729)*scale(0.65849337743189,0.65849337743189,0.65849337743189)"/>
        <model vg_owner="VME" resource="ArbreB" transform="translate(-11.6808279579,-129.48868454166,0)*rotateZ(253.68070253397)*scale(0.72923473032246,0.72923473032246,0.72923473032246)"/>
        <model vg_owner="VME" resource="ArbreA" transform="translate(-191.68468518475,-28.948777908867,0)*rotateZ(101.71)*scale(0.9141426379784,0.9141426379784,0.9141426379784)"/>
        <model vg_owner="VME" resource="ArbreC" transform="translate(-5.1452342316199,-156.91121704103,0)*rotateZ(196.17423747207)*scale(0.65849275000201,0.65849275000201,0.65849275000201)"/>
        <model vg_owner="VME" resource="ArbreA" transform="translate(-53.495342495308,-129.70686706392,0)*rotateZ(38.728999874123)*scale(0.9141431511809,0.9141431511809,0.9141431511809)"/>
        <model vg_owner="VME" resource="ArbreA" transform="translate(-40.066958583035,-183.09425017932,0)*rotateZ(86.743087173774)*scale(0.91413888743491,0.91413888743491,0.91413888743491)"/>
        <model vg_owner="VME" resource="ArbreC" transform="translate(-41.983331959625,233.6051021518,0)*rotateZ(-48.519137173211)*scale(0.65849342194123,0.65849342194123,0.65849342194123)"/>
        <model vg_owner="VME" resource="ArbreB" transform="translate(-13.211179779811,205.74137920701,0)*rotateZ(224.95329210568)*scale(0.72923166014819,0.72923166014819,0.72923166014819)"/>
        <model vg_owner="VME" resource="ArbreB" transform="translate(-180.9741622792,128.11157944402,0)*rotateZ(205.2311718021)*scale(0.72923608716067,0.72923608716067,0.72923608716067)"/>
        <model vg_owner="VME" resource="ArbreC" transform="translate(-212.11239413033,48.304574347031,0)*rotateZ(113.30035670653)*scale(0.65849290430181,0.65849290430181,0.65849290430181)"/>
        <model vg_owner="VME" id="B4" resource="Officev3" transform="translate(-93.509109803575,152.92117370772,0)*rotateZ(101.71)*scale(0.59991826328213,0.59991826328213,0.59991826328213)"/>
        <model vg_owner="VME" id="B3" resource="Mall" transform="translate(-104.66321316179,-52.517404544594,0)*rotateZ(101.71)*scale(0.59468125035758,0.59468125035758,0.59468125035758)"/>
        <model vg_owner="VME" id="B1" resource="Musee" transform="translate(139.1478493661,88.803644046272,0)*rotateZ(101.71)*scale(0.59192140507954,0.59192140507954,0.59192140507954)"/>
        <model vg_owner="VME" id="outside-lonepine" resource="ArbreC" transform="translate(-18.462779740844,2.3195991582075,0)*rotateZ(196.17427694042)*scale(0.68573891909659,0.68573891909659,0.68573891909659)"/>
      </layer>
      <limits>
        <min lat="45.737933" lon="4.877304" height="0.0"/>
        <max lat="45.744466" lon="4.887069" height="50.0"/>
      </limits>
    </dataset>
  </datasets>
</vgconfig>
